epoch_number,address,lock_hash
1,ckt1q9gry5zgxe6hguajz2mdstxuznrg4gj97elpymk4cnz52c,0x5f760cb0ebb6251f3cba589e683e6fd1eff91e43783172a7911b979c905e59cb
2,ckt1q9gry5zgulknfcehkfz369kr3nd85z9765g5cdgjvefvdn,0xb33f2f3e04296c11a50401f750f5b7bff1be838138891865de1fdc493269bec1
3,ckt1q9gry5zgxe6hguajz2mdstxuznrg4gj97elpymk4cnz52c,0x5f760cb0ebb6251f3cba589e683e6fd1eff91e43783172a7911b979c905e59cb
4,ckt1q9gry5zgxe6hguajz2mdstxuznrg4gj97elpymk4cnz52c,0x5f760cb0ebb6251f3cba589e683e6fd1eff91e43783172a7911b979c905e59cb
5,ckt1q9gry5zgulknfcehkfz369kr3nd85z9765g5cdgjvefvdn,0xb33f2f3e04296c11a50401f750f5b7bff1be838138891865de1fdc493269bec1
6,ckt1q9gry5zgxe6hguajz2mdstxuznrg4gj97elpymk4cnz52c,0x5f760cb0ebb6251f3cba589e683e6fd1eff91e43783172a7911b979c905e59cb
7,ckt1q9gry5zgxe6hguajz2mdstxuznrg4gj97elpymk4cnz52c,0x5f760cb0ebb6251f3cba589e683e6fd1eff91e43783172a7911b979c905e59cb
8,ckt1q9gry5zgulknfcehkfz369kr3nd85z9765g5cdgjvefvdn,0xb33f2f3e04296c11a50401f750f5b7bff1be838138891865de1fdc493269bec1
9,ckt1q9gry5zgulknfcehkfz369kr3nd85z9765g5cdgjvefvdn,0xb33f2f3e04296c11a50401f750f5b7bff1be838138891865de1fdc493269bec1
10,ckt1q9gry5zgulknfcehkfz369kr3nd85z9765g5cdgjvefvdn,0xb33f2f3e04296c11a50401f750f5b7bff1be838138891865de1fdc493269bec1
11,ckt1q9gry5zgxe6hguajz2mdstxuznrg4gj97elpymk4cnz52c,0x5f760cb0ebb6251f3cba589e683e6fd1eff91e43783172a7911b979c905e59cb
12,ckt1q9gry5zgulknfcehkfz369kr3nd85z9765g5cdgjvefvdn,0xb33f2f3e04296c11a50401f750f5b7bff1be838138891865de1fdc493269bec1
13,ckt1q9gry5zgulknfcehkfz369kr3nd85z9765g5cdgjvefvdn,0xb33f2f3e04296c11a50401f750f5b7bff1be838138891865de1fdc493269bec1
14,ckt1q9gry5zgulknfcehkfz369kr3nd85z9765g5cdgjvefvdn,0xb33f2f3e04296c11a50401f750f5b7bff1be838138891865de1fdc493269bec1
15,ckt1q9gry5zgulknfcehkfz369kr3nd85z9765g5cdgjvefvdn,0xb33f2f3e04296c11a50401f750f5b7bff1be838138891865de1fdc493269bec1
16,ckt1q9gry5zgxe6hguajz2mdstxuznrg4gj97elpymk4cnz52c,0x5f760cb0ebb6251f3cba589e683e6fd1eff91e43783172a7911b979c905e59cb
17,ckt1q9gry5zgxe6hguajz2mdstxuznrg4gj97elpymk4cnz52c,0x5f760cb0ebb6251f3cba589e683e6fd1eff91e43783172a7911b979c905e59cb
18,ckt1q9gry5zgxe6hguajz2mdstxuznrg4gj97elpymk4cnz52c,0x5f760cb0ebb6251f3cba589e683e6fd1eff91e43783172a7911b979c905e59cb
19,ckt1q9gry5zgulknfcehkfz369kr3nd85z9765g5cdgjvefvdn,0xb33f2f3e04296c11a50401f750f5b7bff1be838138891865de1fdc493269bec1
20,ckt1q9gry5zgulknfcehkfz369kr3nd85z9765g5cdgjvefvdn,0xb33f2f3e04296c11a50401f750f5b7bff1be838138891865de1fdc493269bec1
21,ckt1q9gry5zgulknfcehkfz369kr3nd85z9765g5cdgjvefvdn,0xb33f2f3e04296c11a50401f750f5b7bff1be838138891865de1fdc493269bec1
22,ckt1q9gry5zgqqq6e3ch6epyaeh0mkzwp3d7lw8yf2yulvvjtk,0xe06adc6d64a649414a29a92413ad091b826eb84ac235056988dd0ab8daa7559c
23,ckt1q9gry5zgulknfcehkfz369kr3nd85z9765g5cdgjvefvdn,0xb33f2f3e04296c11a50401f750f5b7bff1be838138891865de1fdc493269bec1
24,ckt1q9gry5zgxe6hguajz2mdstxuznrg4gj97elpymk4cnz52c,0x5f760cb0ebb6251f3cba589e683e6fd1eff91e43783172a7911b979c905e59cb
25,ckt1q9gry5zgxe6hguajz2mdstxuznrg4gj97elpymk4cnz52c,0x5f760cb0ebb6251f3cba589e683e6fd1eff91e43783172a7911b979c905e59cb
26,ckt1q9gry5zgulknfcehkfz369kr3nd85z9765g5cdgjvefvdn,0xb33f2f3e04296c11a50401f750f5b7bff1be838138891865de1fdc493269bec1
27,ckt1q9gry5zgulknfcehkfz369kr3nd85z9765g5cdgjvefvdn,0xb33f2f3e04296c11a50401f750f5b7bff1be838138891865de1fdc493269bec1
28,ckt1q9gry5zgrtjfnf34emdw8uv7q8tmln3jscljv20y4skprh,0x84bfdeece74a8cc44c608f435e769dad89cf8a62a3ba5f3c3374138c7f98a76e
29,ckt1q9gry5zgrtjfnf34emdw8uv7q8tmln3jscljv20y4skprh,0x84bfdeece74a8cc44c608f435e769dad89cf8a62a3ba5f3c3374138c7f98a76e
30,ckt1q9gry5zgrtjfnf34emdw8uv7q8tmln3jscljv20y4skprh,0x84bfdeece74a8cc44c608f435e769dad89cf8a62a3ba5f3c3374138c7f98a76e
31,ckt1q9gry5zgrtjfnf34emdw8uv7q8tmln3jscljv20y4skprh,0x84bfdeece74a8cc44c608f435e769dad89cf8a62a3ba5f3c3374138c7f98a76e
32,ckt1q9gry5zgrtjfnf34emdw8uv7q8tmln3jscljv20y4skprh,0x84bfdeece74a8cc44c608f435e769dad89cf8a62a3ba5f3c3374138c7f98a76e
33,ckt1q9gry5zgrtjfnf34emdw8uv7q8tmln3jscljv20y4skprh,0x84bfdeece74a8cc44c608f435e769dad89cf8a62a3ba5f3c3374138c7f98a76e
34,ckt1q9gry5zgqqq6e3ch6epyaeh0mkzwp3d7lw8yf2yulvvjtk,0xe06adc6d64a649414a29a92413ad091b826eb84ac235056988dd0ab8daa7559c
35,ckt1q9gry5zgrtjfnf34emdw8uv7q8tmln3jscljv20y4skprh,0x84bfdeece74a8cc44c608f435e769dad89cf8a62a3ba5f3c3374138c7f98a76e
36,ckt1q9gry5zgrtjfnf34emdw8uv7q8tmln3jscljv20y4skprh,0x84bfdeece74a8cc44c608f435e769dad89cf8a62a3ba5f3c3374138c7f98a76e
37,ckt1q9gry5zgxe6hguajz2mdstxuznrg4gj97elpymk4cnz52c,0x5f760cb0ebb6251f3cba589e683e6fd1eff91e43783172a7911b979c905e59cb
38,ckt1q9gry5zgxe6hguajz2mdstxuznrg4gj97elpymk4cnz52c,0x5f760cb0ebb6251f3cba589e683e6fd1eff91e43783172a7911b979c905e59cb
39,ckt1q9gry5zgqqq6e3ch6epyaeh0mkzwp3d7lw8yf2yulvvjtk,0xe06adc6d64a649414a29a92413ad091b826eb84ac235056988dd0ab8daa7559c
40,ckt1q9gry5zgqqq6e3ch6epyaeh0mkzwp3d7lw8yf2yulvvjtk,0xe06adc6d64a649414a29a92413ad091b826eb84ac235056988dd0ab8daa7559c
41,ckt1q9gry5zgvkprd780vqhlspq8gq5j0engkvwaqj350nxwq8,0xc9a17778b99b59067af358390da31f4de29ea669e93d19b199948ee4a1f51c40
42,ckt1q9gry5zgqqq6e3ch6epyaeh0mkzwp3d7lw8yf2yulvvjtk,0xe06adc6d64a649414a29a92413ad091b826eb84ac235056988dd0ab8daa7559c
43,ckt1q9gry5zgvkprd780vqhlspq8gq5j0engkvwaqj350nxwq8,0xc9a17778b99b59067af358390da31f4de29ea669e93d19b199948ee4a1f51c40
44,ckt1q9gry5zgj5qxtpa9zx5gtwr9wuelzcf5skz9upjjrpp3kw,0x16dd15cda822e307771621a1edc6d8a2dbf52299a690a38a35db1a1cbe0147b0
45,ckt1q9gry5zgvkprd780vqhlspq8gq5j0engkvwaqj350nxwq8,0xc9a17778b99b59067af358390da31f4de29ea669e93d19b199948ee4a1f51c40
46,ckt1q9gry5zgj5qxtpa9zx5gtwr9wuelzcf5skz9upjjrpp3kw,0x16dd15cda822e307771621a1edc6d8a2dbf52299a690a38a35db1a1cbe0147b0
47,ckt1q9gry5zgvkprd780vqhlspq8gq5j0engkvwaqj350nxwq8,0xc9a17778b99b59067af358390da31f4de29ea669e93d19b199948ee4a1f51c40
48,ckt1q9gry5zgj5qxtpa9zx5gtwr9wuelzcf5skz9upjjrpp3kw,0x16dd15cda822e307771621a1edc6d8a2dbf52299a690a38a35db1a1cbe0147b0
49,ckt1q9gry5zgj5qxtpa9zx5gtwr9wuelzcf5skz9upjjrpp3kw,0x16dd15cda822e307771621a1edc6d8a2dbf52299a690a38a35db1a1cbe0147b0
50,ckt1q9gry5zgvkprd780vqhlspq8gq5j0engkvwaqj350nxwq8,0xc9a17778b99b59067af358390da31f4de29ea669e93d19b199948ee4a1f51c40
51,ckt1q9gry5zgj5qxtpa9zx5gtwr9wuelzcf5skz9upjjrpp3kw,0x16dd15cda822e307771621a1edc6d8a2dbf52299a690a38a35db1a1cbe0147b0
52,ckt1q9gry5zgxe6hguajz2mdstxuznrg4gj97elpymk4cnz52c,0x5f760cb0ebb6251f3cba589e683e6fd1eff91e43783172a7911b979c905e59cb
53,ckt1q9gry5zgvkprd780vqhlspq8gq5j0engkvwaqj350nxwq8,0xc9a17778b99b59067af358390da31f4de29ea669e93d19b199948ee4a1f51c40
54,ckt1q9gry5zgxe6hguajz2mdstxuznrg4gj97elpymk4cnz52c,0x5f760cb0ebb6251f3cba589e683e6fd1eff91e43783172a7911b979c905e59cb
55,ckt1q9gry5zgvkprd780vqhlspq8gq5j0engkvwaqj350nxwq8,0xc9a17778b99b59067af358390da31f4de29ea669e93d19b199948ee4a1f51c40
56,ckt1q9gry5zgj5qxtpa9zx5gtwr9wuelzcf5skz9upjjrpp3kw,0x16dd15cda822e307771621a1edc6d8a2dbf52299a690a38a35db1a1cbe0147b0
57,ckt1q9gry5zgj5qxtpa9zx5gtwr9wuelzcf5skz9upjjrpp3kw,0x16dd15cda822e307771621a1edc6d8a2dbf52299a690a38a35db1a1cbe0147b0
58,ckt1q9gry5zgxe6hguajz2mdstxuznrg4gj97elpymk4cnz52c,0x5f760cb0ebb6251f3cba589e683e6fd1eff91e43783172a7911b979c905e59cb
59,ckt1q9gry5zgxe6hguajz2mdstxuznrg4gj97elpymk4cnz52c,0x5f760cb0ebb6251f3cba589e683e6fd1eff91e43783172a7911b979c905e59cb
60,ckt1q9gry5zgvkprd780vqhlspq8gq5j0engkvwaqj350nxwq8,0xc9a17778b99b59067af358390da31f4de29ea669e93d19b199948ee4a1f51c40
61,ckt1q9gry5zgj5qxtpa9zx5gtwr9wuelzcf5skz9upjjrpp3kw,0x16dd15cda822e307771621a1edc6d8a2dbf52299a690a38a35db1a1cbe0147b0
62,ckt1q9gry5zgvkprd780vqhlspq8gq5j0engkvwaqj350nxwq8,0xc9a17778b99b59067af358390da31f4de29ea669e93d19b199948ee4a1f51c40
63,ckt1q9gry5zgj5qxtpa9zx5gtwr9wuelzcf5skz9upjjrpp3kw,0x16dd15cda822e307771621a1edc6d8a2dbf52299a690a38a35db1a1cbe0147b0
64,ckt1q9gry5zgj5qxtpa9zx5gtwr9wuelzcf5skz9upjjrpp3kw,0x16dd15cda822e307771621a1edc6d8a2dbf52299a690a38a35db1a1cbe0147b0
65,ckt1q9gry5zgvkprd780vqhlspq8gq5j0engkvwaqj350nxwq8,0xc9a17778b99b59067af358390da31f4de29ea669e93d19b199948ee4a1f51c40
66,ckt1q9gry5zgvkprd780vqhlspq8gq5j0engkvwaqj350nxwq8,0xc9a17778b99b59067af358390da31f4de29ea669e93d19b199948ee4a1f51c40
67,ckt1q9gry5zgvkprd780vqhlspq8gq5j0engkvwaqj350nxwq8,0xc9a17778b99b59067af358390da31f4de29ea669e93d19b199948ee4a1f51c40
68,ckt1q9gry5zgvkprd780vqhlspq8gq5j0engkvwaqj350nxwq8,0xc9a17778b99b59067af358390da31f4de29ea669e93d19b199948ee4a1f51c40
69,ckt1q9gry5zgj5qxtpa9zx5gtwr9wuelzcf5skz9upjjrpp3kw,0x16dd15cda822e307771621a1edc6d8a2dbf52299a690a38a35db1a1cbe0147b0
70,ckt1q9gry5zgvkprd780vqhlspq8gq5j0engkvwaqj350nxwq8,0xc9a17778b99b59067af358390da31f4de29ea669e93d19b199948ee4a1f51c40
71,ckt1q9gry5zgj5qxtpa9zx5gtwr9wuelzcf5skz9upjjrpp3kw,0x16dd15cda822e307771621a1edc6d8a2dbf52299a690a38a35db1a1cbe0147b0
72,ckt1q9gry5zgvkprd780vqhlspq8gq5j0engkvwaqj350nxwq8,0xc9a17778b99b59067af358390da31f4de29ea669e93d19b199948ee4a1f51c40
73,ckt1q9gry5zgj5qxtpa9zx5gtwr9wuelzcf5skz9upjjrpp3kw,0x16dd15cda822e307771621a1edc6d8a2dbf52299a690a38a35db1a1cbe0147b0
74,ckt1q9gry5zgvkprd780vqhlspq8gq5j0engkvwaqj350nxwq8,0xc9a17778b99b59067af358390da31f4de29ea669e93d19b199948ee4a1f51c40
75,ckt1q9gry5zgj5qxtpa9zx5gtwr9wuelzcf5skz9upjjrpp3kw,0x16dd15cda822e307771621a1edc6d8a2dbf52299a690a38a35db1a1cbe0147b0
76,ckt1q9gry5zgvkprd780vqhlspq8gq5j0engkvwaqj350nxwq8,0xc9a17778b99b59067af358390da31f4de29ea669e93d19b199948ee4a1f51c40
77,ckt1q9gry5zgj5qxtpa9zx5gtwr9wuelzcf5skz9upjjrpp3kw,0x16dd15cda822e307771621a1edc6d8a2dbf52299a690a38a35db1a1cbe0147b0
78,ckt1q9gry5zgvkprd780vqhlspq8gq5j0engkvwaqj350nxwq8,0xc9a17778b99b59067af358390da31f4de29ea669e93d19b199948ee4a1f51c40
79,ckt1q9gry5zgj5qxtpa9zx5gtwr9wuelzcf5skz9upjjrpp3kw,0x16dd15cda822e307771621a1edc6d8a2dbf52299a690a38a35db1a1cbe0147b0
80,ckt1q9gry5zgvkprd780vqhlspq8gq5j0engkvwaqj350nxwq8,0xc9a17778b99b59067af358390da31f4de29ea669e93d19b199948ee4a1f51c40
81,ckt1q9gry5zgj5qxtpa9zx5gtwr9wuelzcf5skz9upjjrpp3kw,0x16dd15cda822e307771621a1edc6d8a2dbf52299a690a38a35db1a1cbe0147b0
82,ckt1q9gry5zgvkprd780vqhlspq8gq5j0engkvwaqj350nxwq8,0xc9a17778b99b59067af358390da31f4de29ea669e93d19b199948ee4a1f51c40
83,ckt1q9gry5zgj5qxtpa9zx5gtwr9wuelzcf5skz9upjjrpp3kw,0x16dd15cda822e307771621a1edc6d8a2dbf52299a690a38a35db1a1cbe0147b0
84,ckt1q9gry5zgvkprd780vqhlspq8gq5j0engkvwaqj350nxwq8,0xc9a17778b99b59067af358390da31f4de29ea669e93d19b199948ee4a1f51c40
85,ckt1q9gry5zgj5qxtpa9zx5gtwr9wuelzcf5skz9upjjrpp3kw,0x16dd15cda822e307771621a1edc6d8a2dbf52299a690a38a35db1a1cbe0147b0